Model,Macro_F1
Telemetry Only,0.8770542801729344
Telemetry + Context,0.8805815065470061
