Fold,Macro_F1
1,0.7997206078379099
2,0.8109907120743034
3,0.8283062645011601
4,0.8224289093204815
5,0.8070904173106646
