Fold,Macro_F1
1,0.8139932462740253
2,0.8364285579339139
3,0.8401884109491646
4,0.8423307790957957
5,0.8484250474383301
