Metric,Value
Macro F1,0.8597763533430028
Precision,0.9523809523809523
Recall,0.5882352941176471
Average Precision,0.827129781933586
